,Team ID,Season,Player,Num,Position,Height,Weight,Birth Date,Age,Exp,School,Player ID
0,1610612738,2022,Jayson Tatum,0,F-G,203.2,95.2543977,1998-03-03,24,5,Duke,1628369
1,1610612738,2022,Noah Vonleh,4,F,208.28,116.57323909,1995-08-24,27,7,Indiana,203943
2,1610612738,2022,Jaylen Brown,7,G-F,198.12,101.15109851000001,1996-10-24,26,6,California,1627759
3,1610612738,2022,Danilo Gallinari,8,F,208.28,107.04779932000001,1988-08-08,34,13,Olimpia Milano,201568
4,1610612738,2022,Derrick White,9,G,193.04,86.1825503,1994-07-02,28,5,Colorado,1628401
5,1610612738,2022,Payton Pritchard,11,G,185.42000000000002,88.45051215000001,1998-01-28,24,2,Oregon,1630202
6,1610612738,2022,Grant Williams,12,F,198.12,107.04779932000001,1998-11-30,23,3,Tennessee,1629684
7,1610612738,2022,Malcolm Brogdon,13,G,193.04,103.87265273,1992-12-11,29,6,Virginia,1627763
8,1610612738,2022,JD Davison,20,G,185.42000000000002,88.45051215000001,2002-10-03,20,R,Alabama,1631120
9,1610612738,2022,Mfiondu Kabengele,27,C,208.28,113.3980925,1997-08-14,25,2,Florida State,1629662
10,1610612738,2022,Sam Hauser,30,F,200.66,98.42954429000001,1997-12-08,24,1,Virginia,1630573
11,1610612738,2022,Marcus Smart,36,G,193.04,99.79032140000001,1994-03-06,28,8,Oklahoma State,203935
12,1610612738,2022,Luke Kornet,40,C-F,218.44,113.3980925,1995-07-15,27,5,Vanderbilt,1628436
13,1610612738,2022,Al Horford,42,C-F,205.74,108.8621688,1986-06-03,36,15,Florida,201143
14,1610612738,2022,Robert Williams III,44,C-F,205.74,107.50139169,1997-10-17,25,4,Texas A&M,1629057
15,1610612738,2022,Justin Jackson,44,F,203.2,99.79032140000001,1995-03-28,27,5,North Carolina,1628382
16,1610612738,2022,Blake Griffin,91,F,205.74,113.3980925,1989-03-16,33,12,Oklahoma,201933
17,1610612751,2022,Royce O'Neale,00,F,198.12,102.51187562000001,1993-06-05,29,5,Baylor,1626220
18,1610612751,2022,T.J. Warren,1,F,203.2,99.79032140000001,1993-09-05,29,7,North Carolina State,203933
19,1610612751,2022,Edmond Sumner,4,G,193.04,88.90410452,1995-12-31,26,4,Xavier,1628410
20,1610612751,2022,David Duke Jr.,6,G,193.04,92.53284348000001,1999-10-13,23,1,Providence,1630561
21,1610612751,2022,Kevin Durant,7,F,208.28,108.8621688,1988-09-29,34,14,Texas,201142
22,1610612751,2022,Patty Mills,8,G,182.88,81.6466266,1988-08-11,34,13,St. Mary's,201988
23,1610612751,2022,Ben Simmons,10,G-F,208.28,108.8621688,1996-07-20,26,4,Louisiana State,1627732
24,1610612751,2022,Kyrie Irving,11,G,187.96,88.45051215000001,1992-03-23,30,11,Duke,202681
25,1610612751,2022,Joe Harris,12,G-F,198.12,99.79032140000001,1991-09-06,31,8,Virginia,203925
26,1610612751,2022,Markieff Morris,13,F,205.74,111.13013065000001,1989-09-02,33,11,Kansas,202693
27,1610612751,2022,Kessler Edwards,14,F,200.66,92.07925111,2000-08-09,22,1,Pepperdine,1630556
28,1610612751,2022,Yuta Watanabe,18,G-F,203.2,97.52235955,1994-10-13,28,4,George Washington,1629139
29,1610612751,2022,Day'Ron Sharpe,20,C,205.74,120.20197805000001,2001-11-06,21,1,North Carolina,1630549
30,1610612751,2022,Cam Thomas,24,G,190.5,95.2543977,2001-10-13,21,1,Louisiana State,1630560
31,1610612751,2022,Seth Curry,30,G,185.42000000000002,83.91458845000001,1990-08-23,32,8,Duke,203552
32,1610612751,2022,Alondes Williams,31,G,193.04,95.2543977,1999-06-19,23,R,Wake Forest,1631214
33,1610612751,2022,Nic Claxton,33,C,210.82,97.52235955,1999-04-17,23,3,Georgia,1629651
34,1610612752,2022,Cam Reddish,0,F-G,200.66,98.42954429000001,1999-09-01,23,3,Duke,1629629
35,1610612752,2022,Obi Toppin,1,F,205.74,99.79032140000001,1998-03-04,24,2,Dayton,1630167
36,1610612752,2022,Miles McBride,2,G,187.96,88.45051215000001,2000-09-08,22,1,West Virginia,1630540
37,1610612752,2022,Trevor Keels,3,G,193.04,100.24391377,2003-08-26,19,R,Duke,1631211
38,1610612752,2022,Derrick Rose,4,G,190.5,90.718474,1988-10-04,34,13,Memphis,201565
39,1610612752,2022,Immanuel Quickley,5,G,187.96,86.1825503,1999-06-17,23,2,Kentucky,1630193
40,1610612752,2022,Quentin Grimes,6,G,195.58,95.2543977,2000-05-08,22,1,Houston,1629656
41,1610612752,2022,RJ Barrett,9,F-G,198.12,97.06876718000001,2000-06-14,22,3,Duke,1629628
42,1610612752,2022,Jalen Brunson,11,G,187.96,86.1825503,1996-08-31,26,4,Villanova,1628973
43,1610612752,2022,Evan Fournier,13,G-F,198.12,92.98643585,1992-10-29,30,10,Poitiers Basket 86,203095
44,1610612752,2022,Svi Mykhailiuk,17,G-F,200.66,92.98643585,1997-06-10,25,4,Kansas,1629004
45,1610612752,2022,Mitchell Robinson,23,C-F,213.36,108.8621688,1998-04-01,24,4,Western Kentucky,1629011
46,1610612752,2022,Julius Randle,30,F-C,203.2,113.3980925,1994-11-29,27,8,Kentucky,203944
47,1610612752,2022,Feron Hunt,44,F,203.2,88.45051215000001,1999-07-05,23,1,Southern Methodist,1630624
48,1610612752,2022,Jericho Sims,45,C,208.28,113.3980925,1998-10-20,24,1,Texas,1630579
49,1610612752,2022,Ryan Arcidiacono,51,G,190.5,88.45051215000001,1994-03-26,28,5,Villanova,1627853
50,1610612752,2022,Isaiah Hartenstein,55,C-F,213.36,113.3980925,1998-05-05,24,4,Zalgiris,1628392
51,1610612755,2022,Tyrese Maxey,0,G,187.96,90.718474,2000-11-04,22,2,Kentucky,1630178
52,1610612755,2022,James Harden,1,G,195.58,99.79032140000001,1989-08-26,33,13,Arizona State,201935
53,1610612755,2022,Montrezl Harrell,5,F-C,200.66,108.8621688,1994-01-26,28,7,Louisville,1626149
54,1610612755,2022,De'Anthony Melton,8,G,187.96,90.718474,1998-05-28,24,4,Southern California,1629001
55,1610612755,2022,Jaden Springer,11,G,193.04,91.62565874,2002-09-25,20,1,Tennessee,1630531
56,1610612755,2022,Tobias Harris,12,F,200.66,102.51187562000001,1992-07-15,30,11,Tennessee,202699
57,1610612755,2022,P.J. Tucker,17,F,195.58,111.13013065000001,1985-05-05,37,11,Texas,200782
58,1610612755,2022,Shake Milton,18,G-F,195.58,92.98643585,1996-09-26,26,4,Southern Methodist,1629003
59,1610612755,2022,Georges Niang,20,F,200.66,104.32624510000001,1993-06-17,29,6,Iowa State,1627777
60,1610612755,2022,Joel Embiid,21,C-F,213.36,127.00586360000001,1994-03-16,28,6,Kansas,203954
61,1610612755,2022,Matisse Thybulle,22,G-F,195.58,91.17206637000001,1997-03-04,25,3,Washington,1629680
62,1610612755,2022,Danuel House Jr.,25,F-G,198.12,99.79032140000001,1993-06-07,29,6,Texas A&M,1627863
63,1610612755,2022,Furkan Korkmaz,30,G-F,200.66,91.62565874,1997-07-24,25,5,Anadolu Efes,1627788
64,1610612755,2022,Michael Foster Jr.,35,F,203.2,113.3980925,2003-01-16,19,R,NBA G League Ignite,1630701
65,1610612755,2022,Paul Reed,44,F,205.74,95.2543977,1999-06-14,23,2,DePaul,1630194
66,1610612755,2022,Julian Champagnie,55,F,200.66,98.42954429000001,2001-06-29,21,R,St. John's,1630577
67,1610612761,2022,O.G. Anunoby,3,F,200.66,105.23342984,1997-07-17,25,5,Indiana,1628384
68,1610612761,2022,Scottie Barnes,4,F,203.2,102.05828325,2001-08-01,21,1,Florida State,1630567
69,1610612761,2022,Precious Achiuwa,5,F,203.2,102.05828325,1999-09-19,23,2,Memphis,1630173
70,1610612761,2022,Ron Harper Jr.,8,F,195.58,111.13013065000001,2000-04-12,22,R,Rutgers,1631199
71,1610612761,2022,Justin Champagnie,11,G-F,198.12,93.44002822,2001-06-29,21,1,Pittsburgh,1630551
72,1610612761,2022,Jeff Dowtin Jr.,20,G,190.5,80.28584949,1997-05-10,25,1,Rhode Island,1630288
73,1610612761,2022,Thaddeus Young,21,F,203.2,106.59420695,1988-06-21,34,15,Georgia Tech,201152
74,1610612761,2022,Malachi Flynn,22,G,185.42000000000002,79.37866475,1998-05-09,24,2,San Diego State,1630201
75,1610612761,2022,Fred VanVleet,23,G,182.88,89.35769689,1994-02-25,28,6,Wichita State,1627832
76,1610612761,2022,Khem Birch,24,C,203.2,105.68702221000001,1992-09-28,30,5,UNLV,203920
77,1610612761,2022,Chris Boucher,25,F-C,205.74,90.718474,1993-01-11,29,5,Oregon,1628449
78,1610612761,2022,Otto Porter Jr.,32,F,203.2,89.81128926000001,1993-06-03,29,9,Georgetown,203490
79,1610612761,2022,Gary Trent Jr.,33,G-F,195.58,94.80080533,1999-01-18,23,4,Duke,1629018
80,1610612761,2022,Christian Koloko,35,C,213.36,104.32624510000001,2000-06-20,22,R,Arizona,1631132
81,1610612761,2022,Juancho Hernangomez,41,F,205.74,97.06876718000001,1995-09-28,27,6,Estudiantes,1627823
82,1610612761,2022,Pascal Siakam,43,F,203.2,104.32624510000001,1994-04-02,28,6,New Mexico State,1627783
83,1610612761,2022,Dalano Banton,45,F,200.66,92.53284348000001,1999-11-07,23,1,Nebraska,1630625
84,1610612741,2022,Coby White,0,G,195.58,88.45051215000001,2000-02-16,22,3,North Carolina,1629632
85,1610612741,2022,Lonzo Ball,2,G,198.12,86.1825503,1997-10-27,25,5,UCLA,1628366
86,1610612741,2022,Andre Drummond,3,C,210.82,126.55227123,1993-08-10,29,10,Connecticut,203083
87,1610612741,2022,Derrick Jones Jr.,5,F,198.12,95.2543977,1997-02-15,25,6,UNLV,1627884
88,1610612741,2022,Alex Caruso,6,G,195.58,84.36818082,1994-02-28,28,5,Texas A&M,1627936
89,1610612741,2022,Goran Dragic,7,G,193.04,86.1825503,1986-05-06,36,14,Union Olimpija,201609
90,1610612741,2022,Zach LaVine,8,G-F,195.58,90.718474,1995-03-10,27,8,UCLA,203897
91,1610612741,2022,Nikola Vucevic,9,C,208.28,117.9340162,1990-10-24,32,11,Southern California,202696
92,1610612741,2022,DeMar DeRozan,11,G-F,198.12,99.79032140000001,1989-08-07,33,13,Southern California,201942
93,1610612741,2022,Ayo Dosunmu,12,G,195.58,90.718474,2000-01-17,22,1,Illinois,1630245
94,1610612741,2022,Tony Bradley,13,C-F,210.82,112.49090776,1998-01-08,24,5,North Carolina,1628396
95,1610612741,2022,Malcolm Hill,14,F,198.12,99.79032140000001,1995-10-26,27,1,Illinois,1630792
96,1610612741,2022,Marko Simonovic,19,C,213.36,99.79032140000001,1999-10-15,23,1,Mega Basket,1630250
97,1610612741,2022,Javonte Green,24,G-F,195.58,92.98643585,1993-07-23,29,3,Radford,1629750
98,1610612741,2022,Dalen Terry,25,F,200.66,88.45051215000001,2002-07-12,20,R,Arizona,1631207
99,1610612741,2022,Kostas Antetokounmpo,37,F,208.28,90.718474,1997-11-20,24,3,Dayton,1628961
100,1610612741,2022,Patrick Williams,44,F,200.66,97.52235955,2001-08-26,21,2,Florida State,1630172
101,1610612739,2022,Kevin Love,0,F-C,203.2,113.85168487,1988-09-07,34,14,UCLA,201567
102,1610612739,2022,Caris LeVert,3,G,198.12,92.98643585,1994-08-25,28,6,Michigan,1627747
103,1610612739,2022,Evan Mobley,4,C,210.82,97.52235955,2001-06-18,21,1,Southern California,1630596
104,1610612739,2022,Lamar Stevens,8,F,198.12,104.32624510000001,1997-07-09,25,2,Penn State,1630205
105,1610612739,2022,Dylan Windler,9,G-F,200.66,88.90410452,1996-09-22,26,2,Belmont,1629685
106,1610612739,2022,Darius Garland,10,G,185.42000000000002,87.08973504000001,2000-01-26,22,3,Vanderbilt,1629636
107,1610612739,2022,Ricky Rubio,13,G,187.96,86.1825503,1990-10-21,32,11,FC Barcelona,201937
108,1610612739,2022,Isaiah Mobley,15,F,203.2,107.95498406,1999-09-24,23,R,Southern California,1630600
109,1610612739,2022,Cedi Osman,16,F,200.66,104.32624510000001,1995-04-08,27,5,Anadolu Efes,1626224
110,1610612739,2022,Raul Neto,19,G,187.96,81.6466266,1992-05-19,30,7,Murcia,203526
111,1610612739,2022,Mamadi Diakite,21,F,205.74,103.41906036,1997-01-21,25,2,Virginia,1629603
112,1610612739,2022,Jarrett Allen,31,C,205.74,110.22294591,1998-04-21,24,5,Texas,1628386
113,1610612739,2022,Dean Wade,32,F-C,205.74,103.41906036,1996-11-20,25,3,Kansas State,1629731
114,1610612739,2022,Robin Lopez,33,C,213.36,127.45945597000001,1988-04-01,34,14,Stanford,201577
115,1610612739,2022,Isaac Okoro,35,F-G,195.58,102.05828325,2001-01-26,21,2,Auburn,1630171
116,1610612739,2022,Donovan Mitchell,45,G,185.42000000000002,97.52235955,1996-09-07,26,5,Louisville,1628378
117,1610612765,2022,Jalen Duren,0,C,210.82,113.3980925,2003-11-18,18,R,Memphis,1631105
118,1610612765,2022,Cade Cunningham,2,G,200.66,99.79032140000001,2001-09-25,21,1,Oklahoma State,1630595
119,1610612765,2022,Nerlens Noel,3,C-F,208.28,99.79032140000001,1994-04-10,28,8,Kentucky,203457
120,1610612765,2022,Alec Burks,5,G,198.12,97.06876718000001,1991-07-20,31,11,Colorado,202692
121,1610612765,2022,Hamidou Diallo,6,G,195.58,91.62565874,1998-07-31,24,4,Kentucky,1628977
122,1610612765,2022,Killian Hayes,7,G,195.58,88.45051215000001,2001-07-27,21,2,Ratiopharm Ulm,1630165
123,1610612765,2022,Braxton Key,8,F,203.2,102.05828325,1997-02-14,25,1,Virginia,1630296
124,1610612765,2022,Isaiah Livers,12,F,198.12,105.23342984,1998-07-28,24,1,Michigan,1630587
125,1610612765,2022,Rodney McGruder,17,G,193.04,92.98643585,1991-07-29,31,6,Kansas State,203585
126,1610612765,2022,Cory Joseph,18,G,190.5,90.718474,1991-08-20,31,11,Texas,202709
127,1610612765,2022,Kevin Knox II,20,F,200.66,97.52235955,1999-08-11,23,4,Kentucky,1628995
128,1610612765,2022,Jaden Ivey,23,G,193.04,88.45051215000001,2002-02-13,20,R,Purdue,1631093
129,1610612765,2022,Buddy Boeheim,27,F,198.12,92.98643585,1999-11-11,23,R,Syracuse,1631205
130,1610612765,2022,Isaiah Stewart,28,F-C,203.2,113.3980925,2001-05-22,21,2,Washington,1630191
131,1610612765,2022,Marvin Bagley III,35,F,208.28,106.59420695,1999-03-14,23,4,Duke,1628963
132,1610612765,2022,Saddiq Bey,41,F,200.66,97.52235955,1999-04-09,23,2,Villanova,1630180
133,1610612765,2022,Bojan Bogdanovic,44,F,200.66,102.51187562000001,1989-04-18,33,8,Fenerbahce,202711
134,1610612754,2022,Tyrese Haliburton,0,G,195.58,83.91458845000001,2000-02-29,22,2,Iowa State,1630169
135,1610612754,2022,Bennedict Mathurin,00,G-F,195.58,95.2543977,2002-06-19,20,R,Arizona,1631097
136,1610612754,2022,Andrew Nembhard,2,G-F,190.5,86.63614267,2000-01-16,22,R,Gonzaga,1629614
137,1610612754,2022,Chris Duarte,3,G,195.58,86.1825503,1997-06-13,25,1,Oregon,1630537
138,1610612754,2022,Trevelin Queen,8,G,198.12,86.1825503,1997-02-25,25,1,New Mexico State,1630243
139,1610612754,2022,T.J. McConnell,9,G,185.42000000000002,86.1825503,1992-03-25,30,7,Arizona,204456
140,1610612754,2022,Kendall Brown,10,G,200.66,92.98643585,2003-05-11,19,R,Baylor,1631112
141,1610612754,2022,Oshae Brissett,12,F-G,200.66,95.2543977,1998-06-20,24,3,Syracuse,1629052
142,1610612754,2022,James Johnson,16,F,200.66,108.8621688,1987-02-20,35,13,Wake Forest,201949
143,1610612754,2022,Terry Taylor,21,F,193.04,104.32624510000001,1999-09-23,23,1,Austin Peay,1630678
144,1610612754,2022,Isaiah Jackson,22,F,205.74,92.98643585,2002-01-10,20,1,Kentucky,1630543
145,1610612754,2022,Aaron Nesmith,23,G-F,195.58,97.52235955,1999-10-16,23,2,Vanderbilt,1630174
146,1610612754,2022,Buddy Hield,24,G,193.04,99.79032140000001,1992-12-17,29,6,Oklahoma,1627741
147,1610612754,2022,Jalen Smith,25,F-C,205.74,97.52235955,2000-03-16,22,2,Maryland,1630188
148,1610612754,2022,Daniel Theis,27,F-C,203.2,111.13013065000001,1992-04-04,30,5,Brose Bamberg,1628464
149,1610612754,2022,Myles Turner,33,C-F,210.82,113.3980925,1996-03-24,26,7,Texas,1626167
150,1610612754,2022,Goga Bitadze,88,C-F,210.82,113.3980925,1999-07-20,23,3,Mega Basket,1629048
151,1610612749,2022,MarJon Beauchamp,0,F,200.66,90.26488163,2000-10-12,22,R,NBA G League Ignite,1630699
152,1610612749,2022,George Hill,3,G,193.04,85.27536556,1986-05-04,36,14,Indiana-Purdue Indianapolis,201588
153,1610612749,2022,Jevon Carter,5,G,185.42000000000002,90.718474,1995-09-14,27,4,West Virginia,1628975
154,1610612749,2022,Joe Ingles,7,F-G,205.74,99.79032140000001,1987-10-02,35,8,Maccabi Tel Aviv,204060
155,1610612749,2022,Bobby Portis,9,F,210.82,113.3980925,1995-02-10,27,7,Arkansas,1626171
156,1610612749,2022,Brook Lopez,11,C,215.9,127.91304834,1988-04-01,34,14,Stanford,201572
157,1610612749,2022,Grayson Allen,12,G,193.04,89.81128926000001,1995-10-08,27,4,Duke,1628960
158,1610612749,2022,Jordan Nwora,13,F,205.74,102.05828325,1998-09-09,24,2,Louisville,1629670
159,1610612749,2022,A.J. Green,20,G,195.58,86.1825503,1999-09-27,23,R,Northern Iowa,1631260
160,1610612749,2022,Jrue Holiday,21,G,195.58,92.98643585,1990-06-12,32,13,UCLA,201950
161,1610612749,2022,Khris Middleton,22,F,200.66,100.69750614,1991-08-12,31,10,Texas A&M,203114
162,1610612749,2022,Wesley Matthews,23,G,195.58,99.79032140000001,1986-10-14,36,13,Marquette,202083
163,1610612749,2022,Pat Connaughton,24,G,195.58,94.80080533,1993-01-06,29,7,Notre Dame,1626192
164,1610612749,2022,Serge Ibaka,25,F,210.82,106.59420695,1989-09-18,33,13,Ricoh Manresa,201586
165,1610612749,2022,Giannis Antetokounmpo,34,F,213.36,110.22294591,1994-12-06,27,9,Filathlitikos,203507
166,1610612749,2022,Thanasis Antetokounmpo,43,F,200.66,99.33672903,1992-07-18,30,4,Panathinaikos,203648
167,1610612749,2022,Sandro Mamukelashvili,54,F-C,208.28,108.8621688,1999-05-23,23,1,Seton Hall,1630572
168,1610612737,2022,Frank Kaminsky,0,F-C,213.36,108.8621688,1993-04-04,29,7,Wisconsin,1626163
169,1610612737,2022,Jalen Johnson,1,F,203.2,99.33672903,2001-12-18,20,1,Duke,1630552
170,1610612737,2022,Trent Forrest,2,G,193.04,95.2543977,1998-06-12,24,2,Florida State,1630235
171,1610612737,2022,Aaron Holiday,3,G,182.88,83.91458845000001,1996-09-30,26,4,UCLA,1628988
172,1610612737,2022,Dejounte Murray,5,G,195.58,81.6466266,1996-09-19,26,5,Washington,1627749
173,1610612737,2022,Jarrett Culver,7,G-F,198.12,88.45051215000001,1999-02-20,23,3,Texas Tech,1629633
174,1610612737,2022,Justin Holiday,8,F-G,198.12,81.6466266,1989-04-05,33,9,Washington,203200
175,1610612737,2022,Trae Young,11,G,185.42000000000002,74.38914868,1998-09-19,24,4,Oklahoma,1629027
176,1610612737,2022,De'Andre Hunter,12,F-G,203.2,100.24391377,1997-12-02,24,3,Virginia,1629631
177,1610612737,2022,Bogdan Bogdanovic,13,G,195.58,102.05828325,1992-08-18,30,5,Fenerbahce,203992
178,1610612737,2022,AJ Griffin,14,F,198.12,99.79032140000001,2003-08-25,19,R,Duke,1631100
179,1610612737,2022,Clint Capela,15,C,208.28,116.11964672,1994-05-18,28,8,Elan Chalon,203991
180,1610612737,2022,Onyeka Okongwu,17,F-C,205.74,108.8621688,2000-12-11,21,2,Southern California,1630168
181,1610612737,2022,John Collins,20,F-C,205.74,102.51187562000001,1997-09-23,25,5,Wake Forest,1628381
182,1610612737,2022,Tyrese Martin,22,G,198.12,97.52235955,1999-03-07,23,R,Connecticut,1631213
183,1610612737,2022,Vit Krejci,27,G,203.2,88.45051215000001,2000-06-19,22,1,Zaragoza,1630249
184,1610612766,2022,LaMelo Ball,1,G,200.66,81.6466266,2001-08-22,21,2,Illawarra,1630163
185,1610612766,2022,James Bouknight,2,G,193.04,86.1825503,2000-09-18,22,1,Connecticut,1630547
186,1610612766,2022,Terry Rozier,3,G,185.42000000000002,86.1825503,1994-03-17,28,7,Louisville,1626179
187,1610612766,2022,Nick Richards,4,C,213.36,111.13013065000001,1997-11-29,24,2,Kentucky,1630208
188,1610612766,2022,Mark Williams,5,C,213.36,108.8621688,2001-12-16,20,R,Duke,1631109
189,1610612766,2022,Jalen McDaniels,6,F-C,205.74,92.98643585,1998-01-31,24,3,San Diego State,1629667
190,1610612766,2022,Bryce McGowens,7,G,198.12,79.37866475,2002-11-08,20,R,Nebraska,1631121
191,1610612766,2022,Dennis Smith Jr.,8,G,187.96,92.98643585,1997-11-25,24,5,North Carolina State,1628372
192,1610612766,2022,Theo Maledon,9,G,195.58,79.37866475,2001-06-12,21,2,Asvel,1630177
193,1610612766,2022,Cody Martin,11,F,198.12,92.98643585,1995-09-28,27,3,Nevada,1628998
194,1610612766,2022,Kelly Oubre Jr.,12,F-G,198.12,92.07925111,1995-12-09,26,7,Kansas,1626162
195,1610612766,2022,Gordon Hayward,20,F,200.66,102.05828325,1990-03-23,32,12,Butler,202330
196,1610612766,2022,JT Thor,21,F,205.74,92.07925111,2002-08-26,20,1,Auburn,1630550
197,1610612766,2022,Kai Jones,23,C-F,210.82,100.24391377,2001-01-19,21,1,Texas,1630539
198,1610612766,2022,Mason Plumlee,24,F-C,213.36,115.21246198,1990-03-05,32,9,Duke,203486
199,1610612766,2022,P.J. Washington,25,F,200.66,104.32624510000001,1998-08-23,24,3,Kentucky,1629023
200,1610612748,2022,Gabe Vincent,2,G,187.96,90.718474,1996-06-14,26,3,California-Santa Barbara,1629216
201,1610612748,2022,Victor Oladipo,4,G,190.5,96.61517481,1992-05-04,30,9,Indiana,203506
202,1610612748,2022,Nikola Jovic,5,F,208.28,92.98643585,2003-06-09,19,R,                                   ,1631107
203,1610612748,2022,Kyle Lowry,7,G,182.88,88.90410452,1986-03-25,36,16,Villanova,200768
204,1610612748,2022,Jamal Cain,8,F,198.12,86.63614267,1999-03-20,23,R,Oakland,1631288
205,1610612748,2022,Bam Adebayo,13,C-F,205.74,115.66605435000001,1997-07-18,25,5,Kentucky,1628389
206,1610612748,2022,Tyler Herro,14,G,195.58,88.45051215000001,2000-01-20,22,3,Kentucky,1629639
207,1610612748,2022,Caleb Martin,16,F,195.58,92.98643585,1995-09-28,27,3,Nevada,1628997
208,1610612748,2022,Dewayne Dedmon,21,C,208.28,111.13013065000001,1989-08-12,33,9,Southern California,203473
209,1610612748,2022,Jimmy Butler,22,F,200.66,104.32624510000001,1989-09-14,33,11,Marquette,202710
210,1610612748,2022,Haywood Highsmith,24,F,195.58,99.79032140000001,1996-12-09,25,2,Wheeling Jesuit,1629312
211,1610612748,2022,Orlando Robinson,25,C,208.28,106.59420695,2000-07-10,22,R,Fresno State,1631115
212,1610612748,2022,Max Strus,31,G-F,195.58,97.52235955,1996-03-28,26,3,DePaul,1629622
213,1610612748,2022,Udonis Haslem,40,F,200.66,106.59420695,1980-06-09,42,19,Florida,2617
214,1610612748,2022,Duncan Robinson,55,F,200.66,97.52235955,1994-04-22,28,4,Michigan,1629130
215,1610612748,2022,Omer Yurtseven,77,C,210.82,124.73790175,1998-06-19,24,1,Georgetown,1630209
216,1610612753,2022,Jonathan Isaac,1,F,208.28,104.32624510000001,1997-10-03,25,3,Florida State,1628371
217,1610612753,2022,Caleb Houstan,2,G,203.2,92.98643585,2003-01-09,19,R,Michigan,1631216
218,1610612753,2022,Chuma Okeke,3,F,203.2,103.87265273,1998-08-18,24,2,Auburn,1629643
219,1610612753,2022,Jalen Suggs,4,G,195.58,92.98643585,2001-06-03,21,1,Gonzaga,1630591
220,1610612753,2022,Paolo Banchero,5,F,208.28,113.3980925,2002-11-12,20,R,Duke,1631094
221,1610612753,2022,Kevon Harris,7,G,198.12,97.97595192,1997-06-24,25,R,Stephen F. Austin,1630284
222,1610612753,2022,Bol Bol,10,C-F,218.44,99.79032140000001,1999-11-16,22,3,Oregon,1629626
223,1610612753,2022,Mo Bamba,11,C,213.36,104.77983747,1998-05-12,24,4,Texas,1628964
224,1610612753,2022,R.J. Hampton,13,G,193.04,79.37866475,2001-02-07,21,2,New Zealand Breakers,1630181
225,1610612753,2022,Gary Harris,14,G,193.04,95.2543977,1994-09-14,28,8,Michigan State,203914
226,1610612753,2022,Markelle Fultz,20,G,193.04,94.80080533,1998-05-29,24,5,Washington,1628365
227,1610612753,2022,Moritz Wagner,21,F-C,210.82,111.13013065000001,1997-04-26,25,4,Michigan,1629021
228,1610612753,2022,Franz Wagner,22,F,208.28,99.79032140000001,2001-08-27,21,1,Michigan,1630532
229,1610612753,2022,Admiral Schofield,25,F,195.58,109.31576117,1997-03-30,25,2,Tennessee,1629678
230,1610612753,2022,Terrence Ross,31,G-F,200.66,93.44002822,1991-02-05,31,10,Washington,203082
231,1610612753,2022,Wendell Carter Jr.,34,C-F,208.28,122.4699399,1999-04-16,23,4,Duke,1628976
232,1610612753,2022,Cole Anthony,50,G,190.5,83.91458845000001,2000-05-15,22,2,North Carolina,1630175
233,1610612764,2022,Johnny Davis,1,G,193.04,88.45051215000001,2002-02-27,20,R,Wisconsin,1631098
234,1610612764,2022,Bradley Beal,3,G,193.04,93.89362059,1993-06-28,29,10,Florida,203078
235,1610612764,2022,Will Barton,5,G,195.58,82.10021897,1991-01-06,31,10,Memphis,203115
236,1610612764,2022,Kristaps Porzingis,6,F-C,220.98,108.8621688,1995-08-02,27,6,Cajasol Sevilla,204001
237,1610612764,2022,Jordan Goodwin,7,G,190.5,90.718474,1998-10-23,24,1,St. Louis,1630692
238,1610612764,2022,Rui Hachimura,8,F,203.2,104.32624510000001,1998-02-08,24,3,Gonzaga,1629060
239,1610612764,2022,Deni Avdija,9,F,205.74,95.2543977,2001-01-03,21,2,Maccabi Tel Aviv,1630166
240,1610612764,2022,Vernon Carey Jr.,13,F-C,208.28,122.4699399,2001-02-25,21,2,Duke,1630176
241,1610612764,2022,Isaiah Todd,14,F,205.74,99.33672903,2001-10-17,21,1,NBA G League Ignite,1630225
242,1610612764,2022,Anthony Gill,16,F,203.2,104.32624510000001,1992-10-17,30,2,Virginia,1630264
243,1610612764,2022,Jordan Schakel,20,G,198.12,90.718474,1998-06-13,24,1,San Diego State,1630648
244,1610612764,2022,Daniel Gafford,21,F-C,208.28,106.14061458,1998-10-01,24,3,Arkansas,1629655
245,1610612764,2022,Monte Morris,22,G,187.96,83.00740371,1995-06-27,27,5,Iowa State,1628420
246,1610612764,2022,Corey Kispert,24,F,198.12,101.60469088,1999-03-03,23,1,Gonzaga,1630557
247,1610612764,2022,Kyle Kuzma,33,F,205.74,100.24391377,1995-07-24,27,5,Utah,1628398
248,1610612764,2022,Delon Wright,55,G,195.58,83.91458845000001,1992-04-26,30,7,Utah,1626153
249,1610612764,2022,Taj Gibson,67,F,205.74,105.23342984,1985-06-24,37,13,Southern California,201959
250,1610612743,2022,Christian Braun,0,G,198.12,99.79032140000001,2001-04-17,21,R,Kansas,1631128
251,1610612743,2022,Michael Porter Jr.,1,F,208.28,98.88313666,1998-06-29,24,3,Missouri,1629008
252,1610612743,2022,Bones Hyland,3,G,187.96,76.65711053,2000-09-14,22,1,Virginia Commonwealth,1630538
253,1610612743,2022,Kentavious Caldwell-Pope,5,G,195.58,92.53284348000001,1993-02-18,29,9,Georgia,203484
254,1610612743,2022,DeAndre Jordan,6,C,210.82,120.20197805000001,1988-07-21,34,14,Texas A&M,201599
255,1610612743,2022,Peyton Watson,8,G,200.66,90.718474,2002-09-11,20,R,UCLA,1631212
256,1610612743,2022,Davon Reed,9,G,195.58,93.44002822,1995-06-11,27,3,Miami,1628432
257,1610612743,2022,Jack White,10,F,200.66,102.05828325,1997-08-05,25,R,Duke,1631298
258,1610612743,2022,Bruce Brown,11,G-F,193.04,91.62565874,1996-08-15,26,4,Miami,1628971
259,1610612743,2022,Ish Smith,14,G,182.88,79.37866475,1988-07-05,34,12,Wake Forest,202397
260,1610612743,2022,Nikola Jokic,15,C,210.82,128.82023308,1995-02-19,27,7,Mega Basket,203999
261,1610612743,2022,Collin Gillespie,21,G,185.42000000000002,88.45051215000001,1999-06-25,23,R,Villanova,1631221
262,1610612743,2022,Zeke Nnaji,22,F-C,205.74,108.8621688,2001-01-09,21,2,Arizona,1630192
263,1610612743,2022,Jamal Murray,27,G,193.04,97.52235955,1997-02-23,25,5,Kentucky,1627750
264,1610612743,2022,Vlatko Cancar,31,F,203.2,107.04779932000001,1997-04-10,25,3,San Pablo Burgos,1628427
265,1610612743,2022,Jeff Green,32,F,203.2,106.59420695,1986-08-28,36,14,Georgetown,201145
266,1610612743,2022,Aaron Gordon,50,F,203.2,106.59420695,1995-09-16,27,8,Arizona,203932
267,1610612750,2022,D'Angelo Russell,0,G,193.04,87.54332741,1996-02-23,26,7,Ohio State,1626156
268,1610612750,2022,Anthony Edwards,1,G,193.04,102.05828325,2001-08-05,21,2,Georgia,1630162
269,1610612750,2022,Jaden McDaniels,3,F,205.74,83.91458845000001,2000-09-29,22,2,Washington,1630183
270,1610612750,2022,Jaylen Nowell,4,G,193.04,91.17206637000001,1999-07-09,23,3,Washington,1629669
271,1610612750,2022,Kyle Anderson,5,F-G,205.74,104.32624510000001,1993-09-20,29,8,UCLA,203937
272,1610612750,2022,Jordan McLaughlin,6,G,182.88,83.91458845000001,1996-04-09,26,3,Southern California,1629162
273,1610612750,2022,Wendell Moore Jr.,7,G,195.58,97.52235955,2001-09-18,21,R,Duke,1631111
274,1610612750,2022,Josh Minott,8,F,203.2,92.98643585,2002-11-25,19,R,Memphis,1631169
275,1610612750,2022,Bryn Forbes,10,G,187.96,92.98643585,1993-07-23,29,6,Michigan State,1627854
276,1610612750,2022,Naz Reid,11,C-F,205.74,119.74838568000001,1999-08-26,23,3,Louisiana State,1629675
277,1610612750,2022,Taurean Prince,12,F,198.12,98.88313666,1994-03-22,28,6,Baylor,1627752
278,1610612750,2022,Nathan Knight,13,F-C,203.2,114.75886961,1997-09-20,25,2,William & Mary,1630233
279,1610612750,2022,Austin Rivers,25,G,193.04,90.718474,1992-08-01,30,10,Duke,203085
280,1610612750,2022,Rudy Gobert,27,C,215.9,117.02683146000001,1992-06-26,30,9,Cholet,203497
281,1610612750,2022,Karl-Anthony Towns,32,C-F,213.36,112.49090776,1995-11-15,27,7,Kentucky,1626157
282,1610612750,2022,Luka Garza,55,C,208.28,110.22294591,1998-12-27,23,1,Iowa,1630568
283,1610612760,2022,Shai Gilgeous-Alexander,2,G,198.12,88.45051215000001,1998-07-12,24,4,Kentucky,1628983
284,1610612760,2022,Josh Giddey,3,G,203.2,97.97595192,2002-10-10,20,1,NBA Global Academy,1630581
285,1610612760,2022,Luguentz Dort,5,G,193.04,99.79032140000001,1999-04-19,23,3,Arizona State,1629652
286,1610612760,2022,Jaylin Williams,6,F,205.74,108.8621688,2002-06-29,20,R,Arkansas,1631119
287,1610612760,2022,Chet Holmgren,7,C-F,215.9,88.45051215000001,2002-05-01,20,R,Gonzaga,1631096
288,1610612760,2022,Jalen Williams,8,G-F,195.58,95.70799007000001,2001-04-14,21,R,Santa Clara,1631114
289,1610612760,2022,Isaiah Joe,11,G,190.5,74.84274105,1999-07-02,23,2,Arkansas,1630198
290,1610612760,2022,Lindy Waters III,12,F,198.12,95.2543977,1997-07-28,25,1,Oklahoma State,1630322
291,1610612760,2022,Ousmane Dieng,13,F,205.74,83.91458845000001,2003-05-21,19,R,New Zealand Breakers,1631172
292,1610612760,2022,Aleksej Pokusevski,17,F,213.36,95.2543977,2001-12-26,20,2,Olympiacos,1630197
293,1610612760,2022,Aaron Wiggins,21,G,195.58,86.1825503,1999-01-02,23,1,Maryland,1630598
294,1610612760,2022,Tre Mann,23,G,190.5,80.73944186,2001-02-03,21,1,Florida,1630544
295,1610612760,2022,Mike Muscala,33,F-C,210.82,108.8621688,1991-07-01,31,9,Bucknell,203488
296,1610612760,2022,Kenrich Williams,34,G-F,198.12,95.2543977,1994-12-02,27,4,TCU,1629026
297,1610612760,2022,Jeremiah Robinson-Earl,50,F,203.2,108.8621688,2000-11-03,22,1,Villanova,1630526
298,1610612760,2022,Darius Bazley,55,F,205.74,97.97595192,2000-06-12,22,3,Princeton HS (OH),1629647
299,1610612760,2022,Eugene Omoruyi,97,F,198.12,106.59420695,1997-02-14,25,1,Oregon,1630647
300,1610612757,2022,Damian Lillard,0,G,187.96,88.45051215000001,1990-07-15,32,10,Weber State,203081
301,1610612757,2022,Gary Payton II,00,G,187.96,88.45051215000001,1992-12-01,29,6,Oregon State,1627780
302,1610612757,2022,Anfernee Simons,1,G,190.5,82.10021897,1999-06-08,23,4,Edgewater HS (FL),1629014
303,1610612757,2022,Trendon Watford,2,F,203.2,107.50139169,2000-11-09,22,1,Louisiana State,1630570
304,1610612757,2022,Greg Brown III,4,F,200.66,93.44002822,2001-09-01,21,1,Texas,1630535
305,1610612757,2022,Keon Johnson,6,G,190.5,83.91458845000001,2002-03-10,20,1,Tennessee,1630553
306,1610612757,2022,Jerami Grant,9,F,203.2,95.2543977,1994-03-12,28,8,Syracuse,203924
307,1610612757,2022,Nassir Little,10,F-G,195.58,99.79032140000001,2000-02-11,22,3,North Carolina,1629642
308,1610612757,2022,Josh Hart,11,G,193.04,97.52235955,1995-03-06,27,5,Villanova,1628404
309,1610612757,2022,Shaedon Sharpe,17,G,195.58,90.718474,2003-05-30,19,R,Kentucky,1631101
310,1610612757,2022,John Butler Jr.,21,F,213.36,86.1825503,2002-12-04,19,R,Florida State,1631219
311,1610612757,2022,Drew Eubanks,24,F-C,208.28,111.13013065000001,1997-02-01,25,4,Oregon State,1629234
312,1610612757,2022,Justise Winslow,26,F-G,198.12,100.69750614,1996-03-26,26,7,Duke,1626159
313,1610612757,2022,Jusuf Nurkic,27,C,213.36,131.5417873,1994-08-23,28,8,Cedevita,203994
314,1610612757,2022,Olivier Sarr,33,C,210.82,108.8621688,1999-02-20,23,1,Kentucky,1630846
315,1610612757,2022,Jabari Walker,34,F,200.66,90.718474,2002-07-30,20,R,Colorado,1631133
316,1610612762,2022,Talen Horton-Tucker,0,G,193.04,106.14061458,2000-11-25,21,3,Iowa State,1629659
317,1610612762,2022,Jordan Clarkson,00,G,195.58,87.99691978,1992-06-07,30,8,Missouri,203903
318,1610612762,2022,Collin Sexton,2,G,187.96,86.1825503,1999-01-04,23,4,Alabama,1629012
319,1610612762,2022,Malik Beasley,5,G,193.04,84.82177319,1996-11-26,25,6,Florida State,1627736
320,1610612762,2022,Nickeil Alexander-Walker,6,G,195.58,92.98643585,1998-09-02,24,3,Virginia Tech,1629638
321,1610612762,2022,Jarred Vanderbilt,8,F,203.2,97.06876718000001,1999-04-03,23,4,Kentucky,1629020
322,1610612762,2022,Leandro Bolmaro,10,F,198.12,90.718474,2000-09-11,22,1,FC Barcelona,1630195
323,1610612762,2022,Mike Conley,11,G,185.42000000000002,79.37866475,1987-10-11,35,15,Ohio State,201144
324,1610612762,2022,Simone Fontecchio,16,F,200.66,94.80080533,1995-12-09,26,R,Baskonia,1631323
325,1610612762,2022,Udoka Azubuike,20,C-F,210.82,122.4699399,1999-09-17,23,2,Kansas,1628962
326,1610612762,2022,Rudy Gay,22,F-G,203.2,113.3980925,1986-08-17,36,16,Connecticut,200752
327,1610612762,2022,Lauri Markkanen,23,F-C,213.36,108.8621688,1997-05-22,25,5,Arizona,1628374
328,1610612762,2022,Walker Kessler,24,C,213.36,111.13013065000001,2001-07-26,21,R,Auburn,1631117
329,1610612762,2022,Micah Potter,25,C,203.2,112.49090776,1998-04-06,24,1,Wisconsin,1630695
330,1610612762,2022,Ochai Agbaji,30,G,195.58,97.52235955,2000-04-20,22,R,Kansas,1630534
331,1610612762,2022,Johnny Juzang,33,G,198.12,94.80080533,2001-03-17,21,R,UCLA,1630548
332,1610612762,2022,Kelly Olynyk,41,F-C,210.82,108.8621688,1991-04-19,31,9,Gonzaga,203482
333,1610612744,2022,Jonathan Kuminga,00,F,200.66,102.05828325,2002-10-06,20,1,NBA G League Ignite,1630228
334,1610612744,2022,Donte DiVincenzo,0,G,193.04,92.07925111,1997-01-31,25,4,Villanova,1628978
335,1610612744,2022,JaMychal Green,1,F-C,205.74,102.96546799000001,1990-06-21,32,8,Alabama,203210
336,1610612744,2022,Ryan Rollins,2,G,190.5,81.6466266,2002-07-03,20,R,Toledo,1631157
337,1610612744,2022,Jordan Poole,3,G,193.04,87.99691978,1999-06-19,23,3,Michigan,1629673
338,1610612744,2022,Moses Moody,4,G,195.58,95.70799007000001,2002-05-31,20,1,Arkansas,1630541
339,1610612744,2022,Kevon Looney,5,F,205.74,100.69750614,1996-02-06,26,7,UCLA,1626172
340,1610612744,2022,Patrick Baldwin Jr.,7,F,205.74,99.79032140000001,2002-11-18,19,R,Wisconsin-Milwaukee,1631116
341,1610612744,2022,Andre Iguodala,9,G-F,198.12,97.52235955,1984-01-28,38,18,Arizona,2738
342,1610612744,2022,Ty Jerome,10,G-F,195.58,88.45051215000001,1997-07-08,25,3,Virginia,1629660
343,1610612744,2022,Klay Thompson,11,G,198.12,99.79032140000001,1990-02-08,32,9,Washington State,202691
344,1610612744,2022,Andrew Wiggins,22,F,200.66,89.35769689,1995-02-23,27,8,Kansas,203952
345,1610612744,2022,Draymond Green,23,F,198.12,104.32624510000001,1990-03-04,32,10,Michigan State,203110
346,1610612744,2022,Stephen Curry,30,G,187.96,83.91458845000001,1988-03-14,34,13,Davidson,201939
347,1610612744,2022,James Wiseman,33,C,213.36,108.8621688,2001-03-31,21,1,Memphis,1630164
348,1610612744,2022,Anthony Lamb,40,F,198.12,102.96546799000001,1998-01-20,24,2,Vermont,1630237
349,1610612746,2022,Reggie Jackson,1,G,187.96,94.34721296000001,1990-04-16,32,11,Boston College,202704
350,1610612746,2022,Kawhi Leonard,2,F,200.66,102.05828325,1991-06-29,31,10,San Diego State,202695
351,1610612746,2022,Brandon Boston Jr.,4,G,198.12,85.27536556,2001-11-28,20,1,Kentucky,1630527
352,1610612746,2022,Luke Kennard,5,G,195.58,93.44002822,1996-06-24,26,5,Duke,1628379
353,1610612746,2022,Moses Brown,6,C,218.44,111.13013065000001,1999-10-13,23,3,UCLA,1629650
354,1610612746,2022,Amir Coffey,7,G-F,200.66,95.2543977,1997-06-17,25,3,Minnesota,1629599
355,1610612746,2022,Marcus Morris Sr.,8,F,203.2,98.88313666,1989-09-02,33,11,Kansas,202694
356,1610612746,2022,John Wall,11,G,190.5,95.2543977,1990-09-06,32,10,Kentucky,202322
357,1610612746,2022,Paul George,13,F,203.2,99.79032140000001,1990-05-02,32,12,Fresno State,202331
358,1610612746,2022,Terance Mann,14,G-F,195.58,97.52235955,1996-10-18,26,3,Florida State,1629611
359,1610612746,2022,Jason Preston,17,G,190.5,82.10021897,1999-08-10,23,R,Ohio,1630554
360,1610612746,2022,Robert Covington,23,F,200.66,94.80080533,1990-12-14,31,9,Tennessee State,203496
361,1610612746,2022,Norman Powell,24,G,193.04,97.52235955,1993-05-25,29,7,UCLA,1626181
362,1610612746,2022,Moussa Diabate,25,F,208.28,95.2543977,2002-01-21,20,R,Michigan,1631217
363,1610612746,2022,Nicolas Batum,33,G-F,203.2,104.32624510000001,1988-12-14,33,14,Le Mans,201587
364,1610612746,2022,Ivica Zubac,40,C,213.36,108.8621688,1997-03-18,25,6,Mega Basket,1627826
365,1610612747,2022,Russell Westbrook,0,G,190.5,90.718474,1988-11-12,34,14,UCLA,201566
366,1610612747,2022,Anthony Davis,3,F-C,208.28,114.75886961,1993-03-11,29,10,Kentucky,203076
367,1610612747,2022,Lonnie Walker IV,4,G-F,193.04,92.53284348000001,1998-12-14,23,4,Miami,1629022
368,1610612747,2022,LeBron James,6,F,205.74,113.3980925,1984-12-30,37,19,St. Vincent-St. Mary HS (OH),2544
369,1610612747,2022,Troy Brown Jr.,7,G-F,200.66,97.52235955,1999-07-28,23,4,Oregon,1628972
370,1610612747,2022,Max Christie,10,G,195.58,86.1825503,2003-02-10,19,R,Michigan State,1631108
371,1610612747,2022,Kendrick Nunn,12,G,190.5,86.1825503,1995-08-03,27,2,Oakland,1629134
372,1610612747,2022,Scotty Pippen Jr.,14,G,185.42000000000002,77.1107029,2000-11-10,22,R,Vanderbilt,1630590
373,1610612747,2022,Austin Reaves,15,G,195.58,89.35769689,1998-05-29,24,1,Oklahoma,1630559
374,1610612747,2022,Dennis Schroder,17,G,185.42000000000002,78.01788764,1993-09-15,29,9,Braunschweig,203471
375,1610612747,2022,Cole Swider,20,F,205.74,99.79032140000001,1999-05-08,23,R,Syracuse,1631306
376,1610612747,2022,Patrick Beverley,21,G,187.96,81.6466266,1988-07-12,34,10,Arkansas,201976
377,1610612747,2022,Damian Jones,30,C,210.82,111.13013065000001,1995-06-30,27,6,Vanderbilt,1627745
378,1610612747,2022,Thomas Bryant,31,C-F,208.28,112.49090776,1997-07-31,25,5,Indiana,1628418
379,1610612747,2022,Wenyen Gabriel,35,F,205.74,92.98643585,1997-03-26,25,3,Kentucky,1629117
380,1610612747,2022,Matt Ryan,37,F,198.12,97.52235955,1997-04-17,25,1,Tennessee-Chattanooga,1630346
381,1610612747,2022,Juan Toscano-Anderson,95,F,198.12,94.80080533,1993-04-10,29,3,Marquette,1629308
382,1610612756,2022,Torrey Craig,0,F,200.66,100.24391377,1990-12-19,31,5,South Carolina Upstate,1628470
383,1610612756,2022,Devin Booker,1,G,195.58,93.44002822,1996-10-30,26,7,Kentucky,1626164
384,1610612756,2022,Josh Okogie,2,G,193.04,96.61517481,1998-09-01,24,4,Georgia Tech,1629006
385,1610612756,2022,Chris Paul,3,G,182.88,79.37866475,1985-05-06,37,17,Wake Forest,101108
386,1610612756,2022,Duane Washington Jr.,4,G,187.96,89.35769689,2000-03-24,22,1,Ohio State,1630613
387,1610612756,2022,Damion Lee,10,G-F,195.58,95.2543977,1992-10-21,30,5,Drexel,1627814
388,1610612756,2022,Jock Landale,11,C,210.82,115.66605435000001,1995-10-25,27,1,St. Mary's,1629111
389,1610612756,2022,Ish Wainright,12,F,195.58,113.3980925,1994-09-12,28,1,Baylor,1630688
390,1610612756,2022,Landry Shamet,14,G,193.04,86.1825503,1997-03-13,25,4,Wichita State,1629013
391,1610612756,2022,Cameron Payne,15,G,185.42000000000002,83.00740371,1994-08-08,28,7,Murray State,1626166
392,1610612756,2022,Bismack Biyombo,18,C,203.2,115.66605435000001,1992-08-28,30,11,Baloncesto Fuenlabrada,202687
393,1610612756,2022,Dario Saric,20,F-C,208.28,102.05828325,1994-04-08,28,5,Anadolu Efes,203967
394,1610612756,2022,Deandre Ayton,22,C,213.36,113.3980925,1998-07-23,24,4,Arizona,1629028
395,1610612756,2022,Cameron Johnson,23,F,203.2,95.2543977,1996-03-03,26,3,North Carolina,1629661
396,1610612756,2022,Mikal Bridges,25,F,198.12,94.80080533,1996-08-30,26,4,Villanova,1628969
397,1610612756,2022,Jae Crowder,99,F,198.12,106.59420695,1990-07-06,32,10,Marquette,203109
398,1610612758,2022,Malik Monk,0,G,190.5,90.718474,1998-02-04,24,5,Kentucky,1628370
399,1610612758,2022,Terence Davis,3,G,193.04,91.17206637000001,1997-05-16,25,3,Mississippi,1629056
400,1610612758,2022,De'Aaron Fox,5,G,190.5,83.91458845000001,1997-12-20,24,5,Kentucky,1628368
401,1610612758,2022,Chimezie Metu,7,F-C,205.74,102.05828325,1997-03-22,25,4,Southern California,1629002
402,1610612758,2022,Matthew Dellavedova,8,G,190.5,90.718474,1990-09-08,32,8,St. Mary's,203521
403,1610612758,2022,Kevin Huerter,9,G-F,200.66,89.81128926000001,1998-08-27,24,4,Maryland,1628989
404,1610612758,2022,Domantas Sabonis,10,F-C,215.9,108.8621688,1996-05-03,26,6,Gonzaga,1627734
405,1610612758,2022,Keegan Murray,13,F,203.2,102.05828325,2000-08-19,22,R,Iowa,1631099
406,1610612758,2022,Davion Mitchell,15,G,182.88,91.62565874,1998-09-05,24,1,Baylor,1630558
407,1610612758,2022,Chima Moneke,19,F,195.58,101.15109851000001,1995-12-24,26,R,California-Davis,1631320
408,1610612758,2022,Richaun Holmes,22,F,203.2,106.59420695,1993-10-15,29,7,Bowling Green,1626158
409,1610612758,2022,Keon Ellis,23,G,190.5,79.37866475,2000-01-08,22,R,Alabama,1631165
410,1610612758,2022,Alex Len,25,C,218.44,113.3980925,1993-06-16,29,9,Maryland,203458
411,1610612758,2022,KZ Okpala,30,F-G,203.2,97.52235955,1999-04-28,23,3,Stanford,1629644
412,1610612758,2022,Harrison Barnes,40,F,203.2,102.05828325,1992-05-30,30,10,North Carolina,203084
413,1610612758,2022,Trey Lyles,41,F,205.74,106.14061458,1995-11-05,27,7,Kentucky,1626168
414,1610612758,2022,Neemias Queta,88,C,213.36,112.49090776,1999-07-13,23,1,Utah State,1629674
415,1610612742,2022,JaVale McGee,00,C-F,213.36,122.4699399,1988-01-19,34,14,Nevada,201580
416,1610612742,2022,Theo Pinson,1,G-F,200.66,96.16158244,1995-11-05,27,4,North Carolina,1629033
417,1610612742,2022,Facundo Campazzo,2,G,177.8,88.45051215000001,1991-03-23,31,2,Murcia,1630267
418,1610612742,2022,Jaden Hardy,3,G,190.5,89.81128926000001,2002-07-05,20,R,NBA G League Ignite,1630702
419,1610612742,2022,Dwight Powell,7,F-C,208.28,108.8621688,1991-07-20,31,8,Stanford,203939
420,1610612742,2022,Josh Green,8,G,200.66,90.718474,2000-11-16,21,2,Arizona,1630182
421,1610612742,2022,Dorian Finney-Smith,10,F,200.66,99.79032140000001,1993-05-04,29,6,Florida,1627827
422,1610612742,2022,Tim Hardaway Jr.,11,G-F,195.58,92.98643585,1992-03-16,30,9,Michigan,203501
423,1610612742,2022,Frank Ntilikina,21,G,193.04,90.718474,1998-07-28,24,5,Strasbourg IG,1628373
424,1610612742,2022,Tyler Dorsey,22,G,193.04,81.6466266,1996-02-18,26,2,Oregon,1628416
425,1610612742,2022,McKinley Wright IV,25,G,180.34,87.08973504000001,1998-10-25,24,1,Colorado,1630593
426,1610612742,2022,Reggie Bullock,25,G-F,198.12,92.98643585,1991-03-16,31,9,North Carolina,203493
427,1610612742,2022,Spencer Dinwiddie,26,G,195.58,97.52235955,1993-04-06,29,8,Colorado,203915
428,1610612742,2022,Christian Wood,35,F,205.74,97.06876718000001,1995-09-27,27,6,UNLV,1626174
429,1610612742,2022,Maxi Kleber,42,F,208.28,108.8621688,1992-01-29,30,5,Bayern Munich,1628467
430,1610612742,2022,Davis Bertans,44,F,208.28,102.05828325,1992-11-12,30,6,Baskonia,202722
431,1610612742,2022,Luka Doncic,77,F-G,200.66,104.32624510000001,1999-02-28,23,4,Real Madrid,1629029
432,1610612745,2022,TyTy Washington Jr.,0,G,190.5,88.45051215000001,2001-11-15,20,R,Kentucky,1631102
433,1610612745,2022,Jabari Smith Jr.,1,F,210.82,99.79032140000001,2003-05-13,19,R,Auburn,1631095
434,1610612745,2022,Kevin Porter Jr.,3,G-F,193.04,92.07925111,2000-05-04,22,3,Southern California,1629645
435,1610612745,2022,Jalen Green,4,G,193.04,84.36818082,2002-02-09,20,1,NBA G League Ignite,1630224
436,1610612745,2022,Darius Days,5,F,200.66,111.13013065000001,1999-10-20,23,R,Louisiana State,1630620
437,1610612745,2022,Kenyon Martin Jr.,6,F,200.66,97.52235955,2001-01-06,21,2,IMG Academy (FL),1630231
438,1610612745,2022,Jae'Sean Tate,8,F,195.58,104.32624510000001,1995-10-28,27,2,Ohio State,1630256
439,1610612745,2022,Josh Christopher,9,G,193.04,97.52235955,2001-12-08,20,1,Arizona State,1630528
440,1610612745,2022,Eric Gordon,10,G,190.5,97.52235955,1988-12-25,33,14,Indiana,201569
441,1610612745,2022,Trevor Hudgins,12,G,182.88,81.6466266,1999-03-23,23,R,Northwest Missouri State,1631309
442,1610612745,2022,Daishen Nix,15,G,193.04,102.51187562000001,2002-02-13,20,1,NBA G League Ignite,1630227
443,1610612745,2022,Usman Garuba,16,F,203.2,103.87265273,2002-03-09,20,1,Real Madrid,1630586
444,1610612745,2022,Tari Eason,17,F,203.2,97.52235955,2001-05-10,21,R,Louisiana State,1631106
445,1610612745,2022,Bruno Fernando,20,F-C,208.28,108.8621688,1998-08-15,24,3,Maryland,1628981
446,1610612745,2022,Garrison Mathews,25,G,198.12,97.52235955,1996-10-24,26,3,Lipscomb,1629726
447,1610612745,2022,Alperen Sengun,28,C,210.82,110.22294591,2002-07-25,20,1,Besiktas,1630578
448,1610612745,2022,Boban Marjanovic,51,C,223.52,131.5417873,1988-08-15,34,7,Crvena zvezda,1626246
449,1610612763,2022,Kennedy Chandler,1,G,180.34,77.1107029,2002-09-16,20,R,Tennessee,1631113
450,1610612763,2022,Xavier Tillman,2,F,200.66,111.13013065000001,1999-01-12,23,2,Michigan State,1630214
451,1610612763,2022,Jake LaRavia,3,F,200.66,106.59420695,2001-11-03,21,R,Wake Forest,1631222
452,1610612763,2022,Steven Adams,4,C,210.82,120.20197805000001,1993-07-20,29,9,Pittsburgh,203500
453,1610612763,2022,Vince Williams Jr.,5,G,193.04,92.98643585,2000-08-30,22,R,Virginia Commonwealth,1631246
454,1610612763,2022,Kenneth Lofton Jr.,6,F,198.12,124.73790175,2002-08-14,20,R,Louisiana Tech,1631254
455,1610612763,2022,Santi Aldama,7,F-C,213.36,97.52235955,2001-01-10,21,1,Loyola-Maryland,1630583
456,1610612763,2022,Ziaire Williams,8,F,205.74,83.91458845000001,2001-09-12,21,1,Stanford,1630533
457,1610612763,2022,Ja Morant,12,G,187.96,78.92507238,1999-08-10,23,3,Murray State,1629630
458,1610612763,2022,Jaren Jackson Jr.,13,F-C,208.28,109.76935354000001,1999-09-15,23,4,Michigan State,1628991
459,1610612763,2022,Danny Green,14,G,198.12,97.52235955,1987-06-22,35,13,North Carolina,201980
460,1610612763,2022,Brandon Clarke,15,F,203.2,97.52235955,1996-09-19,26,3,Gonzaga,1629634
461,1610612763,2022,Tyus Jones,21,G,187.96,88.90410452,1996-05-10,26,7,Duke,1626145
462,1610612763,2022,Desmond Bane,22,G,195.58,97.52235955,1998-06-25,24,2,TCU,1630217
463,1610612763,2022,Dillon Brooks,24,G-F,198.12,102.05828325,1996-01-22,26,5,Oregon,1628415
464,1610612763,2022,David Roddy,27,F,193.04,115.66605435000001,2001-03-27,21,R,Colorado State,1631223
465,1610612763,2022,John Konchar,46,G,195.58,95.2543977,1996-03-22,26,3,Indiana-Purdue Fort Wayne,1629723
466,1610612740,2022,E.J. Liddell,,F,198.12,108.8621688,2000-12-18,21,R,Ohio State,1630604
467,1610612740,2022,Dereon Seabron,0,G,195.58,81.6466266,2000-05-26,22,R,North Carolina State,1631220
468,1610612740,2022,Zion Williamson,1,F,198.12,128.82023308,2000-07-06,22,2,Duke,1629627
469,1610612740,2022,CJ McCollum,3,G,190.5,86.1825503,1991-09-19,31,9,Lehigh,203468
470,1610612740,2022,Devonte' Graham,4,G,185.42000000000002,88.45051215000001,1995-02-22,27,4,Kansas,1628984
471,1610612740,2022,Herbert Jones,5,F,200.66,93.44002822,1998-10-06,24,1,Alabama,1630529
472,1610612740,2022,Naji Marshall,8,F,200.66,99.79032140000001,1998-01-24,24,2,Xavier,1630230
473,1610612740,2022,Willy Hernangomez,9,C-F,210.82,113.3980925,1994-05-27,28,6,Cajasol Sevilla,1626195
474,1610612740,2022,Jaxson Hayes,10,C-F,213.36,99.79032140000001,2000-05-23,22,3,Texas,1629637
475,1610612740,2022,Dyson Daniels,11,G,200.66,90.26488163,2003-03-17,19,R,NBA G League Ignite,1630700
476,1610612740,2022,Kira Lewis Jr.,13,G,185.42000000000002,77.1107029,2001-04-06,21,2,Alabama,1630184
477,1610612740,2022,Brandon Ingram,14,F,203.2,86.1825503,1997-09-02,25,6,Duke,1627742
478,1610612740,2022,Jose Alvarado,15,G,182.88,81.19303423000001,1998-04-12,24,1,Georgia Tech,1630631
479,1610612740,2022,Jonas Valanciunas,17,C,210.82,120.20197805000001,1992-05-06,30,10,Lietuvos rytas Vilnius,202685
480,1610612740,2022,Larry Nance Jr.,22,F-C,203.2,111.13013065000001,1993-01-01,29,7,Wyoming,1626204
481,1610612740,2022,Trey Murphy III,25,F,203.2,93.44002822,2000-06-18,22,1,Virginia,1630530
482,1610612740,2022,Garrett Temple,41,G-F,198.12,88.45051215000001,1986-05-08,36,12,Louisiana State,202066
483,1610612759,2022,Keldon Johnson,3,F-G,195.58,99.79032140000001,1999-10-11,23,3,Kentucky,1629640
484,1610612759,2022,Josh Richardson,7,G,198.12,90.718474,1993-09-15,29,7,Tennessee,1626196
485,1610612759,2022,Jeremy Sochan,10,F,203.2,104.32624510000001,2003-05-20,19,R,Baylor,1631110
486,1610612759,2022,Blake Wesley,14,G,193.04,83.91458845000001,2003-03-16,19,R,Notre Dame,1631104
487,1610612759,2022,Doug McDermott,17,F,198.12,102.05828325,1992-01-03,30,8,Creighton,203926
488,1610612759,2022,Isaiah Roby,18,F,203.2,104.32624510000001,1998-02-03,24,3,Nebraska,1629676
489,1610612759,2022,Malaki Branham,22,F,193.04,81.6466266,2003-05-12,19,R,Ohio State,1631103
490,1610612759,2022,Zach Collins,23,F-C,210.82,113.3980925,1997-11-19,24,4,Gonzaga,1628380
491,1610612759,2022,Devin Vassell,24,G-F,195.58,90.718474,2000-08-23,22,2,Florida State,1630170
492,1610612759,2022,Jakob Poeltl,25,C,215.9,111.13013065000001,1995-10-15,27,6,Utah,1627751
493,1610612759,2022,Dominick Barlow,26,F,205.74,97.52235955,2003-05-26,19,R,                                   ,1631230
494,1610612759,2022,Charles Bassey,28,C-F,205.74,104.32624510000001,2000-10-28,22,1,Western Kentucky,1629646
495,1610612759,2022,Keita Bates-Diop,31,F,203.2,103.87265273,1996-01-23,26,4,Ohio State,1628966
496,1610612759,2022,Tre Jones,33,G,185.42000000000002,83.91458845000001,2000-01-08,22,2,Duke,1630200
497,1610612759,2022,Romeo Langford,35,G-F,195.58,97.97595192,1999-10-25,23,3,Indiana,1629641
498,1610612759,2022,Gorgui Dieng,41,C,208.28,112.49090776,1990-01-18,32,9,Louisville,203476
499,1610612759,2022,Jordan Hall,55,G,200.66,97.52235955,2002-01-14,20,R,St. Joseph's (PA),1631160
